slug,provider,offer,actionButtons,planName,planType,historicalData,apiType,technology,chain,accessPrice,queryPrice,starred,trial,availableApis,limitations,securityImprovements,monitoringAndAnalytics,regions,additionalFeatures,address,tag,uptimeSla,verifiedUptime,blocksBehindSla,verifiedBlocksBehindAvg,bandwidthSla,verifiedLatency,supportSla
1rpc-mainnet-public-recent-state,,!offer:1rpc-public-recent-state,,,,,,,mainnet,,,,,,,,,,,,,,,,,,,
ankr-mainnet-free-recent-state,,!offer:ankr-free-recent-state,,,,,,,mainnet,,,,,,,,,,,,,,,,,,,
ankr-mainnet-public-full-archive,,!offer:ankr-public-full-archive,,,,,,,mainnet,,,,,,,,,,,,,,,,,,,
chainstack-mainnet-developer-recent-state,,!offer:chainstack-developer-recent-state,,,,,,,mainnet,,,,,,,,,,,,,,,,,,,
drpc-mainnet-free-recent-state,,!offer:drpc-free-recent-state,,,,,,,mainnet,,,,,,,,,,,,,,,,,,,
drpc-mainnet-pay-as-you-go-recent-state,,!offer:drpc-pay-as-you-go-recent-state,,,,,,,mainnet,,,,,,,,,,,,,,,,,,,
drpc-mainnet-public-recent-state,,!offer:drpc-public-recent-state,,,,,,,mainnet,,,,,,,,,,,,,,,,,,,
envio-mainnet-dedicated-indexer,,!offer:envio-dedicated-indexer,,,,,,,mainnet,,,,,,,,,,,,,,,,,,,
envio-mainnet-free-indexer,,!offer:envio-free-indexer,,,,,,,mainnet,,,,,,,,,,,,,,,,,,,
envio-mainnet-pay-as-you-go-indexer,,!offer:envio-pay-as-you-go-indexer,,,,,,,mainnet,,,,,,,,,,,,,,,,,,,
getblock-mainnet-dedicated-recent-state,,!offer:getblock-dedicated-recent-state,,,,,,,mainnet,,,,,,,,,,,,,,,,,,,
getblock-mainnet-free-recent-state,,!offer:getblock-free-recent-state,,,,,,,mainnet,,,,,,,,,,,,,,,,,,,
nownodes-mainnet-dedicated-recent-state,,!offer:nownodes-dedicated-recent-state,,,,,,,mainnet,,,,,,,,,,,,,,,,,,,
nownodes-mainnet-free-recent-state,,!offer:nownodes-free-recent-state,,,,,,,mainnet,,,,,,,,,,,,,,,,,,,
quicknode-mainnet-build-recent-state,,!offer:quicknode-build-recent-state,,,,,,,mainnet,,,,,,,,,,,,,,,,,,,
